,Cement,Blast_Furnace_Slag,Fly_Ash,water,Superplasticizer,Coarse_Aggregate,Fine_Aggregate,Age,Concrete_compressive_strength
141,304.0,76.0,0.0,228.0,0.0,932.0,670.0,365,55.26
143,388.6,97.1,0.0,157.9,12.1,852.1,925.7,56,55.2
446,172.4,13.6,172.4,156.8,4.1,1006.3,856.4,100,37.68
923,281.0,0.0,0.0,186.0,0.0,1104.0,774.0,7,14.5
647,156.0,178.0,187.0,221.0,7.0,854.0,614.0,28,29.41
16,401.8,94.7,0.0,147.4,11.4,946.8,852.1,91,75.5
249,387.0,20.0,94.0,157.0,11.6,938.0,845.0,28,46.68
368,190.7,0.0,125.4,162.1,7.8,1090.0,804.0,100,40.57
653,136.4,161.6,125.8,171.6,10.4,922.6,764.4,28,29.07
1000,254.0,0.0,0.0,198.0,0.0,968.0,863.0,3,9.31
461,321.0,0.0,128.0,182.0,11.0,870.0,780.0,28,37.26
448,427.5,47.5,0.0,228.0,0.0,932.0,594.0,28,37.43
591,333.0,0.0,0.0,192.0,0.0,931.2,842.6,28,31.97
131,362.6,189.0,0.0,164.9,11.6,944.7,755.8,7,55.9
765,300.0,0.0,120.0,212.0,10.0,878.0,728.0,28,23.84
954,190.3,0.0,125.2,166.6,9.9,1079.0,798.9,3,12.55
931,133.0,200.0,0.0,192.0,0.0,927.4,839.2,7,13.66
546,252.0,97.0,76.0,194.0,8.0,835.0,821.0,28,33.4
79,540.0,0.0,0.0,162.0,2.5,1055.0,676.0,28,61.89
509,290.4,0.0,96.2,168.1,9.4,961.2,865.0,28,34.74
648,296.0,0.0,0.0,192.0,0.0,1085.0,765.0,90,29.39
618,159.0,209.0,161.0,201.0,7.0,848.0,669.0,28,30.88
175,246.8,0.0,125.1,143.3,12.0,1086.8,800.9,28,52.5
539,491.0,26.0,123.0,210.0,3.9,882.0,699.0,7,33.49
315,298.0,0.0,107.0,186.0,6.0,879.0,815.0,28,42.64
327,349.0,0.0,0.0,192.0,0.0,1047.0,806.0,360,42.13
789,233.8,0.0,94.6,197.9,4.6,947.0,852.2,28,22.84
816,172.4,13.6,172.4,156.8,4.1,1006.3,856.4,3,21.29
847,153.0,145.0,0.0,178.0,8.0,1000.0,822.0,28,19.01
769,154.8,183.4,0.0,193.3,9.1,877.2,867.7,28,23.79
817,277.0,0.0,0.0,191.0,0.0,968.0,856.0,14,21.26
896,151.0,0.0,184.0,167.0,12.0,991.0,772.0,28,15.57
423,214.9,53.8,121.9,155.6,9.6,1014.3,780.6,14,38.6
129,362.6,189.0,0.0,164.9,11.6,944.7,755.8,7,55.9
1002,349.0,0.0,0.0,192.0,0.0,1056.0,809.0,7,9.01
224,393.0,0.0,0.0,192.0,0.0,940.0,758.0,90,48.79
668,198.6,132.4,0.0,192.0,0.0,978.4,825.5,28,28.02
601,230.0,0.0,118.3,195.5,4.6,1029.4,758.6,56,31.54
582,272.6,0.0,89.6,198.7,10.6,931.3,762.2,28,32.25
725,295.8,0.0,0.0,185.7,0.0,1091.4,769.3,28,25.22
841,212.0,0.0,124.8,159.0,7.8,1085.4,799.5,3,19.52
107,491.0,26.0,123.0,201.0,3.9,822.0,699.0,28,57.92
276,284.0,15.0,141.0,179.0,5.5,842.0,801.0,56,44.52
5,362.6,189.0,0.0,164.9,11.6,944.7,755.8,91,79.3
90,425.0,106.3,0.0,153.5,16.5,852.1,887.1,28,60.29
17,522.0,0.0,0.0,146.0,0.0,896.0,896.0,28,74.99
930,252.0,0.0,0.0,185.0,0.0,1111.0,784.0,7,13.71
155,214.9,53.8,121.9,155.6,9.6,1014.3,780.6,56,53.96
21,475.0,118.8,0.0,181.1,8.9,852.1,781.5,91,74.19
198,304.0,76.0,0.0,228.0,0.0,932.0,670.0,180,50.95
679,254.0,0.0,0.0,198.0,0.0,968.0,863.0,180,27.63
347,167.4,129.9,128.6,175.5,7.8,1006.3,746.6,28,41.2
812,181.4,0.0,167.0,169.6,7.6,1055.6,777.8,14,21.6
39,359.0,19.0,141.0,154.0,10.9,942.0,801.0,56,68.75
739,190.3,0.0,125.2,166.6,9.9,1079.0,798.9,28,24.85
993,155.0,0.0,143.0,193.0,9.0,877.0,868.0,28,9.74
379,295.7,0.0,95.6,171.5,8.9,955.1,859.2,28,39.94
232,387.0,20.0,94.0,157.0,13.9,938.0,845.0,56,47.97
871,238.0,0.0,0.0,186.0,0.0,1119.0,789.0,28,17.54
382,228.0,342.1,0.0,185.7,0.0,955.8,674.3,28,39.7
589,424.0,22.0,132.0,178.0,8.5,882.0,750.0,3,32.01
730,359.0,19.0,141.0,154.0,10.9,942.0,801.0,3,25.12
465,297.2,0.0,117.5,174.8,9.5,1022.8,753.5,14,36.99
194,277.1,0.0,97.4,160.6,11.8,973.9,875.6,56,51.04
860,214.9,53.8,121.9,155.6,9.6,1014.3,780.6,3,18.02
484,237.5,237.5,0.0,228.0,0.0,932.0,594.0,180,36.25
807,290.2,193.5,0.0,185.7,0.0,998.2,704.3,7,21.86
587,255.5,170.3,0.0,185.7,0.0,1026.6,724.3,28,32.05
961,200.0,0.0,0.0,180.0,0.0,1125.0,845.0,28,12.25
491,359.0,19.0,141.0,154.0,10.9,942.0,801.0,7,35.75
941,212.6,0.0,100.4,159.4,10.4,1003.8,903.8,3,13.33
498,362.6,189.0,0.0,164.9,11.6,944.7,755.8,3,35.3
984,233.8,0.0,94.6,197.9,4.6,947.0,852.2,3,10.38
783,385.0,0.0,0.0,186.0,0.0,966.0,763.0,7,23.22
557,146.0,230.0,0.0,202.0,3.0,827.0,872.0,28,33.06
239,297.2,0.0,117.5,174.8,9.5,1022.8,753.5,28,47.4
462,331.0,0.0,0.0,192.0,0.0,978.0,825.0,90,37.23
889,349.0,0.0,0.0,192.0,0.0,1056.0,809.0,3,15.87
337,387.0,20.0,94.0,157.0,11.6,938.0,845.0,7,41.67
919,198.6,132.4,0.0,192.0,0.0,978.4,825.5,7,14.64
854,135.7,203.5,0.0,185.7,0.0,1076.2,759.3,28,18.2
738,222.4,0.0,96.7,189.3,4.5,967.1,870.3,28,24.89
229,525.0,0.0,0.0,189.0,0.0,1125.0,613.0,14,48.4
187,203.5,305.3,0.0,203.5,0.0,963.4,630.0,90,51.86
701,153.1,145.0,113.0,178.5,8.0,867.2,824.0,28,26.23
191,275.1,0.0,121.4,159.5,9.9,1053.6,777.5,28,51.33
369,380.0,95.0,0.0,228.0,0.0,932.0,594.0,90,40.56
8,362.6,189.0,0.0,164.9,11.6,944.7,755.8,91,79.3
356,313.3,145.0,0.0,178.5,8.0,867.2,824.0,28,40.93
830,236.0,157.0,0.0,192.0,0.0,972.6,749.1,7,20.42
490,310.0,0.0,0.0,192.0,0.0,1012.0,830.0,90,35.76
798,116.0,173.0,0.0,192.0,0.0,909.8,891.9,28,22.35
157,173.5,50.1,173.5,164.8,6.5,1006.2,793.5,56,53.77
103,531.3,0.0,0.0,141.8,28.2,852.1,893.7,56,58.8
292,500.0,0.0,0.0,200.0,0.0,1125.0,613.0,28,44.09
113,275.1,0.0,121.4,159.5,9.9,1053.6,777.5,56,56.85
512,480.0,0.0,0.0,192.0,0.0,936.2,712.2,7,34.57
342,167.0,75.4,167.0,164.0,7.9,1007.3,770.1,28,41.41
207,342.0,38.0,0.0,228.0,0.0,932.0,670.0,90,50.46
964,151.6,0.0,111.9,184.4,7.9,992.0,815.9,28,12.18
876,102.0,153.0,0.0,192.0,0.0,887.0,942.0,28,17.28
564,149.5,236.0,0.0,175.8,12.6,846.8,892.7,28,32.96
500,362.6,189.0,0.0,164.9,11.6,944.7,755.8,3,35.3
116,297.2,0.0,117.5,174.8,9.5,1022.8,753.5,100,56.74
77,218.2,54.6,123.8,140.8,11.9,1075.7,792.7,56,61.99
345,531.3,0.0,0.0,141.8,28.2,852.1,893.7,3,41.3
684,250.0,0.0,95.7,191.8,5.3,948.9,857.2,28,27.22
10,362.6,189.0,0.0,164.9,11.6,944.7,755.8,56,77.3
651,145.0,116.0,119.0,184.0,5.7,833.0,880.0,28,29.16
97,491.0,26.0,123.0,210.0,3.9,882.0,699.0,56,59.59
387,393.0,0.0,0.0,192.0,0.0,940.6,785.6,28,39.6
263,375.0,93.8,0.0,126.6,23.4,852.1,992.6,7,45.7
410,374.3,0.0,0.0,190.2,6.7,1013.2,730.4,28,39.06
927,296.0,0.0,0.0,192.0,0.0,1085.0,765.0,7,14.2
532,277.0,0.0,0.0,191.0,0.0,968.0,856.0,360,33.7
326,475.0,0.0,0.0,228.0,0.0,932.0,594.0,270,42.13
934,212.5,0.0,100.4,159.3,8.7,1007.8,903.6,3,13.54
951,192.0,288.0,0.0,192.0,0.0,929.8,716.1,3,12.79
873,331.0,0.0,0.0,192.0,0.0,1025.0,821.0,7,17.44
471,313.0,0.0,113.0,178.0,8.0,1002.0,689.0,28,36.8
264,181.4,0.0,167.0,169.6,7.6,1055.6,777.8,100,45.37
52,359.0,19.0,141.0,154.0,10.9,942.0,801.0,56,66.78
349,380.0,95.0,0.0,228.0,0.0,932.0,594.0,270,41.15
759,382.5,0.0,0.0,185.7,0.0,1047.8,739.3,7,24.07
271,336.0,0.0,0.0,182.0,3.0,986.0,817.0,28,44.86
393,239.6,359.4,0.0,185.7,0.0,941.6,664.3,28,39.44
857,302.0,0.0,0.0,203.0,0.0,974.0,817.0,14,18.13
887,331.0,0.0,0.0,192.0,0.0,978.0,825.0,7,16.26
657,133.1,210.2,0.0,195.7,3.1,949.4,795.3,28,28.94
357,284.0,119.7,0.0,168.3,7.2,970.4,794.2,28,40.93
146,165.0,128.5,132.1,175.1,8.1,1005.8,746.6,100,55.02
752,122.6,183.9,0.0,203.5,0.0,958.2,800.1,28,24.29
71,218.2,54.6,123.8,140.8,11.9,1075.7,792.7,100,63.53
1011,168.0,42.1,163.8,121.8,5.7,1058.7,780.1,3,7.75
408,168.9,42.2,124.3,158.3,10.8,1080.8,796.2,56,39.15
963,152.0,0.0,112.0,184.0,8.0,992.0,816.0,28,12.18
757,337.9,189.0,0.0,174.9,9.5,944.7,755.8,3,24.1
720,166.1,0.0,163.3,176.5,4.5,1058.6,780.1,14,25.48
12,362.6,189.0,0.0,164.9,11.6,944.7,755.8,56,77.3
130,362.6,189.0,0.0,164.9,11.6,944.7,755.8,7,55.9
215,259.9,100.6,78.4,170.6,10.4,935.7,762.9,28,49.77
990,236.0,0.0,0.0,193.0,0.0,968.0,885.0,7,9.99
320,250.0,0.0,95.7,187.4,5.5,956.9,861.2,100,42.35
507,388.6,97.1,0.0,157.9,12.1,852.1,925.7,7,34.9
670,385.0,0.0,0.0,186.0,0.0,966.0,763.0,14,27.92
747,251.4,0.0,118.3,188.5,6.4,1028.4,757.7,14,24.43
46,500.0,0.0,0.0,140.0,4.0,966.0,853.0,28,67.57
135,475.0,118.8,0.0,181.1,8.9,852.1,781.5,7,55.6
138,218.2,54.6,123.8,140.8,11.9,1075.7,792.7,28,55.51
124,342.0,38.0,0.0,228.0,0.0,932.0,670.0,365,56.14
192,213.5,0.0,174.2,159.2,11.7,1043.6,771.9,56,51.26
360,190.0,190.0,0.0,228.0,0.0,932.0,670.0,28,40.86
219,425.0,106.3,0.0,153.5,16.5,852.1,887.1,7,49.2
742,229.7,0.0,118.2,195.2,6.1,1028.1,757.6,28,24.54
1003,158.0,0.0,195.0,220.0,11.0,898.0,713.0,28,8.54
134,277.1,0.0,97.4,160.6,11.8,973.9,875.6,100,55.64
787,184.0,86.0,190.0,213.0,6.0,923.0,623.0,28,22.93
286,276.0,116.0,90.0,180.0,9.0,870.0,768.0,28,44.28
36,500.0,0.0,0.0,151.0,9.0,1033.0,655.0,28,69.84
864,148.0,0.0,137.0,158.0,16.0,1002.0,830.0,28,17.95
223,393.0,0.0,0.0,192.0,0.0,940.6,785.6,90,48.85
600,212.5,0.0,100.4,159.3,8.7,1007.8,903.6,28,31.64
447,382.5,0.0,0.0,185.7,0.0,1047.8,739.3,28,37.44
859,164.6,0.0,150.4,181.6,11.7,1023.3,728.9,28,18.03
47,540.0,0.0,0.0,173.0,0.0,1125.0,613.0,28,67.31
806,255.0,0.0,0.0,192.0,0.0,889.8,945.0,90,21.86
627,218.9,0.0,124.1,158.5,11.3,1078.7,794.9,28,30.22
645,491.0,26.0,123.0,201.0,3.9,822.0,699.0,3,29.55
254,218.9,0.0,124.1,158.5,11.3,1078.7,794.9,100,46.23
819,339.0,0.0,0.0,185.0,0.0,1069.0,754.0,7,21.16
1019,133.0,200.0,0.0,192.0,0.0,927.4,839.2,3,6.88
776,288.0,192.0,0.0,192.0,0.0,932.0,717.8,7,23.52
970,222.4,0.0,96.7,189.3,4.5,967.1,870.3,3,11.58
793,350.0,0.0,0.0,203.0,0.0,974.0,775.0,14,22.53
727,296.0,0.0,0.0,186.0,0.0,1090.0,769.0,28,25.18
81,425.0,106.3,0.0,151.4,18.6,936.0,803.7,28,61.8
355,284.0,120.0,0.0,168.0,7.0,970.0,794.0,28,40.93
652,136.0,162.0,126.0,172.0,10.0,923.0,764.0,28,29.07
624,213.7,98.1,24.5,181.7,6.9,1065.8,785.4,14,30.39
925,331.0,0.0,0.0,192.0,0.0,1025.0,821.0,3,14.31
427,313.8,0.0,112.6,169.9,10.1,925.3,782.9,28,38.46
800,233.8,0.0,94.6,197.9,4.6,947.0,852.2,14,22.14
65,425.0,106.3,0.0,151.4,18.6,936.0,803.7,56,64.9
37,540.0,0.0,0.0,173.0,0.0,1125.0,613.0,90,69.66
378,317.9,0.0,126.5,209.7,5.7,860.5,736.6,28,40.06
965,238.0,0.0,0.0,186.0,0.0,1119.0,789.0,7,12.05
290,251.8,0.0,99.9,146.1,12.4,1006.0,899.8,56,44.14
760,183.9,122.6,0.0,203.5,0.0,959.2,800.0,28,24.05
728,295.0,0.0,0.0,185.0,0.0,1069.0,769.0,28,25.18
365,326.0,0.0,138.0,199.0,11.0,801.0,792.0,28,40.68
969,289.0,0.0,0.0,192.0,0.0,913.2,895.3,3,11.65
53,425.0,106.3,0.0,151.4,18.6,936.0,803.7,91,66.7
607,212.0,0.0,124.8,159.0,7.8,1085.4,799.5,14,31.35
614,168.9,42.2,124.3,158.3,10.8,1080.8,796.2,28,31.12
523,255.0,99.0,77.0,189.0,6.0,919.0,749.0,28,33.8
123,387.0,20.0,94.0,157.0,14.3,938.0,845.0,56,56.34
689,147.8,175.1,0.0,171.2,2.2,1000.0,828.5,28,26.92
1007,255.0,0.0,0.0,192.0,0.0,889.8,945.0,3,8.2
418,316.1,210.7,0.0,185.7,0.0,977.0,689.3,28,38.7
489,172.4,13.6,172.4,156.8,4.1,1006.3,856.4,56,35.85
665,323.7,282.8,0.0,183.8,10.3,942.7,659.9,3,28.3
528,213.7,0.0,174.7,154.8,10.2,1053.5,776.4,14,33.73
718,153.1,145.0,113.0,178.5,8.0,1001.9,688.7,28,25.56
180,405.0,0.0,0.0,175.0,0.0,1120.0,695.0,28,52.3
928,305.3,203.5,0.0,203.5,0.0,965.4,631.0,3,14.14
253,289.0,134.0,0.0,195.0,6.0,924.0,760.0,28,46.24
750,480.0,0.0,0.0,192.0,0.0,936.0,721.0,3,24.39
346,331.0,0.0,0.0,192.0,0.0,978.0,825.0,360,41.24
20,424.0,22.0,132.0,168.0,8.9,822.0,750.0,56,74.36
238,250.2,166.8,0.0,203.5,0.0,977.6,694.1,90,47.71
459,194.7,0.0,100.5,170.2,7.5,998.0,901.8,28,37.27
638,172.4,13.6,172.4,156.8,4.1,1006.3,856.4,14,29.75
988,116.0,173.0,0.0,192.0,0.0,909.8,891.9,7,10.09
24,439.0,177.0,0.0,186.0,11.1,884.9,707.9,91,73.3
660,166.1,0.0,163.3,176.5,4.5,1058.6,780.1,56,28.63
260,266.0,114.0,0.0,228.0,0.0,932.0,670.0,28,45.85
792,203.5,135.7,0.0,185.7,0.0,1076.2,759.3,28,22.63
505,337.9,189.0,0.0,174.9,9.5,944.7,755.8,7,35.1
173,540.0,0.0,0.0,173.0,0.0,1125.0,613.0,7,52.61
794,290.4,0.0,96.2,168.1,9.4,961.2,865.0,3,22.5
577,193.5,290.2,0.0,185.7,0.0,998.2,704.3,28,32.63
428,237.5,237.5,0.0,228.0,0.0,932.0,594.0,270,38.41
89,425.0,106.3,0.0,153.5,16.5,852.1,887.1,28,60.29
445,332.5,142.5,0.0,228.0,0.0,932.0,594.0,90,37.72
685,339.0,0.0,0.0,197.0,0.0,968.0,781.0,14,27.04
1024,183.9,122.6,0.0,203.5,0.0,959.2,800.0,3,4.9
535,157.0,236.0,0.0,192.0,0.0,935.4,781.2,28,33.66
623,200.0,133.0,0.0,192.0,0.0,965.4,806.2,28,30.44
363,380.0,95.0,0.0,228.0,0.0,932.0,594.0,180,40.76
536,349.0,0.0,0.0,192.0,0.0,1056.0,809.0,28,33.61
544,425.0,106.3,0.0,153.5,16.5,852.1,887.1,3,33.4
452,382.0,0.0,0.0,185.0,0.0,1047.0,739.0,28,37.42
630,304.8,0.0,99.6,196.0,9.8,959.4,705.2,28,30.12
916,295.8,0.0,0.0,185.7,0.0,1091.4,769.3,7,14.84
825,250.0,0.0,0.0,182.0,0.0,1100.0,820.0,28,20.87
531,213.5,0.0,174.2,154.6,11.7,1052.3,775.5,14,33.7
796,281.0,0.0,0.0,185.0,0.0,1104.0,774.0,28,22.44
872,238.0,0.0,0.0,185.0,0.0,1118.0,789.0,28,17.54
744,230.0,0.0,118.3,195.5,4.6,1029.4,758.6,28,24.48
1015,168.9,42.2,124.3,158.3,10.8,1080.8,796.2,3,7.4
106,475.0,0.0,0.0,162.0,9.5,1044.0,662.0,28,58.52
41,475.0,118.8,0.0,181.1,8.9,852.1,781.5,28,68.3
534,310.0,143.0,111.0,168.0,22.0,914.0,651.0,28,33.69
845,393.0,0.0,0.0,192.0,0.0,940.6,785.6,3,19.2
631,237.5,237.5,0.0,228.0,0.0,932.0,594.0,28,30.08
704,144.0,136.0,106.0,178.0,7.0,941.0,774.0,28,26.14
472,313.3,0.0,113.0,178.5,8.0,1001.9,688.7,28,36.8
693,300.0,0.0,0.0,184.0,0.0,1075.0,795.0,28,26.85
75,375.0,93.8,0.0,126.6,23.4,852.1,992.6,91,62.5
843,190.3,0.0,125.2,166.6,9.9,1079.0,798.9,14,19.42
609,385.0,0.0,0.0,186.0,0.0,966.0,763.0,28,31.35
136,385.0,0.0,136.0,158.0,20.0,903.0,768.0,28,55.55
482,425.0,106.3,0.0,151.4,18.6,936.0,803.7,3,36.3
92,520.0,0.0,0.0,170.0,5.2,855.0,855.0,28,60.28
419,310.0,0.0,0.0,192.0,0.0,1012.0,830.0,120,38.7
405,251.4,0.0,118.3,192.9,5.8,1043.6,754.3,56,39.27
831,350.0,0.0,0.0,186.0,0.0,1050.0,770.0,7,20.28
905,218.9,0.0,124.1,158.5,11.3,1078.7,794.9,3,15.34
797,281.0,0.0,0.0,186.0,0.0,1104.0,774.0,28,22.44
328,288.0,121.0,0.0,177.0,7.0,908.0,829.0,28,42.13
515,374.0,189.2,0.0,170.1,10.1,926.1,756.7,3,34.4
285,194.7,0.0,100.5,170.2,7.5,998.0,901.8,100,44.28
255,314.0,145.0,113.0,179.0,8.0,869.0,690.0,28,46.23
94,337.9,189.0,0.0,174.9,9.5,944.7,755.8,56,59.89
34,362.6,189.0,0.0,164.9,11.6,944.7,755.8,28,71.3
159,190.0,190.0,0.0,228.0,0.0,932.0,670.0,365,53.69
886,376.0,0.0,0.0,214.6,0.0,1003.5,762.4,3,16.28
201,192.0,288.0,0.0,192.0,0.0,929.8,716.1,90,50.73
190,213.5,0.0,174.2,154.6,11.7,1052.3,775.5,56,51.43
478,140.0,133.0,103.0,200.0,7.0,916.0,753.0,28,36.44
312,212.5,0.0,100.4,159.3,8.7,1007.8,903.6,100,42.92
185,446.0,24.0,79.0,162.0,11.6,967.0,712.0,7,52.01
344,516.0,0.0,0.0,162.0,8.3,801.0,802.0,28,41.37
257,374.0,189.2,0.0,170.1,10.1,926.1,756.7,7,46.2
354,313.3,145.0,0.0,178.5,8.0,1001.9,688.7,28,41.05
234,304.0,76.0,0.0,228.0,0.0,932.0,670.0,28,47.81
335,333.0,0.0,0.0,192.0,0.0,931.2,842.6,90,41.68
719,387.0,20.0,94.0,157.0,13.9,938.0,845.0,3,25.51
6,362.6,189.0,0.0,164.9,11.6,944.7,755.8,91,79.3
319,525.0,0.0,0.0,189.0,0.0,1125.0,613.0,7,42.42
415,339.0,0.0,0.0,197.0,0.0,968.0,781.0,365,38.89
66,374.0,189.2,0.0,170.1,10.1,926.1,756.7,91,64.9
829,108.3,162.4,0.0,203.5,0.0,938.2,849.0,28,20.59
579,261.0,100.0,78.0,201.0,9.0,864.0,761.0,28,32.4
867,186.2,124.1,0.0,185.7,0.0,1083.4,764.3,28,17.6
301,251.4,0.0,118.3,188.5,5.8,1028.4,757.7,100,43.58
598,190.3,0.0,125.2,166.6,9.9,1079.0,798.9,56,31.72
1020,212.0,141.3,0.0,203.5,0.0,973.4,750.0,3,6.81
61,425.0,106.3,0.0,153.5,16.5,852.1,887.1,91,65.2
527,231.8,0.0,121.6,174.0,6.7,1056.4,778.5,28,33.73
464,272.8,105.1,81.8,209.7,9.0,904.0,679.7,28,37.17
590,376.0,0.0,0.0,214.6,0.0,1003.5,762.4,28,31.97
562,212.0,141.3,0.0,203.5,0.0,973.4,750.0,28,33.0
880,193.5,290.2,0.0,185.7,0.0,998.2,704.3,7,17.2
774,359.0,19.0,141.0,154.0,10.9,942.0,801.0,3,23.64
804,297.2,0.0,117.5,174.8,9.5,1022.8,753.5,3,21.91
777,149.0,118.0,92.0,183.0,7.0,953.0,780.0,28,23.52
504,339.0,0.0,0.0,197.0,0.0,968.0,781.0,90,35.17
401,439.0,177.0,0.0,186.0,11.1,884.9,707.9,3,39.3
696,190.7,0.0,125.4,162.1,7.8,1090.0,804.0,28,26.4
897,150.9,0.0,183.9,166.6,11.6,991.2,772.2,28,15.57
882,157.0,236.0,0.0,192.0,0.0,935.4,781.2,7,16.89
22,540.0,0.0,0.0,173.0,0.0,1125.0,613.0,270,74.17
57,439.0,177.0,0.0,186.0,11.1,884.9,707.9,28,66.0
661,237.0,92.0,71.0,247.0,6.0,853.0,695.0,28,28.63
1017,173.0,116.0,0.0,192.0,0.0,946.8,856.8,3,6.94
698,212.5,0.0,100.4,159.3,8.7,1007.8,903.6,14,26.31
659,249.1,0.0,98.8,158.1,12.8,987.8,889.0,14,28.68
309,200.0,133.0,0.0,192.0,0.0,965.4,806.2,90,43.25
619,249.1,0.0,98.8,158.1,12.8,987.8,889.0,28,30.85
230,277.1,0.0,97.4,160.6,11.8,973.9,875.6,28,48.28
736,250.0,0.0,95.7,187.4,5.5,956.9,861.2,14,24.92
503,139.7,163.9,127.7,236.7,5.8,868.6,655.6,28,35.23
595,339.0,0.0,0.0,185.0,0.0,1069.0,754.0,28,31.84
222,290.4,0.0,96.2,168.1,9.4,961.2,865.0,100,48.97
121,379.5,151.2,0.0,153.9,15.9,1134.3,605.0,91,56.5
683,164.0,163.0,128.0,197.0,8.0,961.0,641.0,28,27.23
586,289.0,0.0,0.0,192.0,0.0,913.2,895.3,90,32.07
487,298.1,0.0,107.5,163.6,12.8,953.2,784.0,28,35.87
979,166.1,0.0,163.3,176.5,4.5,1058.6,780.1,3,10.76
76,424.0,22.0,132.0,178.0,8.5,822.0,750.0,28,62.05
148,379.5,151.2,0.0,153.9,15.9,1134.3,605.0,56,54.9
431,375.0,0.0,0.0,186.0,0.0,1038.0,758.0,28,38.21
451,382.0,0.0,0.0,186.0,0.0,1047.0,739.0,28,37.42
628,400.0,0.0,0.0,187.0,0.0,1025.0,745.0,7,30.14
678,233.8,0.0,94.6,197.9,4.6,947.0,852.2,56,27.66
225,295.7,0.0,95.6,171.5,8.9,955.1,859.2,56,48.72
597,331.0,0.0,0.0,192.0,0.0,1025.0,821.0,28,31.74
104,525.0,0.0,0.0,189.0,0.0,1125.0,613.0,90,58.78
153,480.0,0.0,0.0,192.0,0.0,936.0,721.0,90,54.28
958,154.8,0.0,142.8,193.3,9.1,1047.4,696.7,28,12.46
690,238.2,158.8,0.0,185.7,0.0,1040.6,734.3,28,26.91
485,307.0,0.0,0.0,193.0,0.0,968.0,812.0,365,36.15
848,152.7,144.7,0.0,178.1,8.0,999.7,822.2,28,19.01
125,446.0,24.0,79.0,162.0,11.6,967.0,712.0,56,56.14
493,446.0,24.0,79.0,162.0,11.6,967.0,712.0,3,35.36
488,298.0,0.0,107.0,164.0,13.0,953.0,784.0,28,35.86
115,167.0,75.4,167.0,164.0,7.9,1007.3,770.1,100,56.81
621,325.0,0.0,0.0,184.0,0.0,1063.0,783.0,28,30.57
336,203.5,305.3,0.0,203.5,0.0,963.4,630.0,28,41.68
912,212.0,141.3,0.0,203.5,0.0,973.4,750.0,7,15.03
73,277.2,97.8,24.5,160.7,11.2,1061.7,782.5,28,63.14
808,210.7,316.1,0.0,185.7,0.0,977.0,689.3,7,21.82
953,500.0,0.0,0.0,200.0,0.0,1125.0,613.0,1,12.64
790,387.0,20.0,94.0,157.0,14.3,938.0,845.0,3,22.75
610,182.0,45.2,122.0,170.2,8.2,1059.4,780.7,28,31.27
454,156.0,243.0,0.0,180.0,11.0,1022.0,698.0,28,37.36
596,167.4,129.9,128.6,175.5,7.8,1006.3,746.6,14,31.81
517,178.0,129.8,118.6,179.9,3.6,1007.3,746.8,14,34.24
836,272.8,181.9,0.0,185.7,0.0,1012.4,714.3,7,19.77
994,154.8,0.0,142.8,193.3,9.1,877.2,867.7,28,9.74
952,250.0,0.0,0.0,182.0,0.0,1100.0,820.0,7,12.73
119,330.5,169.6,0.0,194.9,8.1,811.0,802.3,28,56.62
91,425.0,106.3,0.0,153.5,16.5,852.1,887.1,28,60.29
477,339.0,0.0,0.0,197.0,0.0,968.0,781.0,180,36.45
189,167.4,129.9,128.6,175.5,7.8,1006.3,746.6,56,51.72
688,148.0,175.0,0.0,171.0,2.0,1000.0,828.0,28,26.92
714,376.0,0.0,0.0,214.6,0.0,1003.5,762.4,14,25.62
575,145.9,230.5,0.0,202.5,3.4,827.0,871.8,28,32.72
425,212.0,0.0,124.8,159.0,7.8,1085.4,799.5,28,38.5
881,200.0,133.0,0.0,192.0,0.0,965.4,806.2,7,17.17
147,469.0,117.2,0.0,137.8,32.2,852.1,840.5,7,54.9
667,388.6,97.1,0.0,157.9,12.1,852.1,925.7,3,28.1
424,190.3,0.0,125.2,161.9,9.9,1088.1,802.6,56,38.56
650,250.0,0.0,95.7,187.4,5.5,956.9,861.2,28,29.22
244,266.0,114.0,0.0,228.0,0.0,932.0,670.0,90,47.03
269,290.4,0.0,96.2,168.1,9.4,961.2,865.0,56,45.08
893,333.0,0.0,0.0,192.0,0.0,931.2,842.6,3,15.62
274,142.0,167.0,130.0,174.0,11.0,883.0,785.0,28,44.61
672,133.0,200.0,0.0,192.0,0.0,927.4,839.2,28,27.87
235,236.0,157.0,0.0,192.0,0.0,972.6,749.1,90,47.78
161,285.0,190.0,0.0,163.0,7.6,1031.0,685.0,28,53.58
381,332.5,142.5,0.0,228.0,0.0,932.0,594.0,180,39.78
109,475.0,0.0,59.0,142.0,1.9,1098.0,641.0,28,57.23
380,162.0,207.0,172.0,216.0,10.0,822.0,638.0,28,39.84
944,339.0,0.0,0.0,197.0,0.0,968.0,781.0,3,13.22
686,136.0,196.0,98.0,199.0,6.0,847.0,783.0,28,26.97
256,314.0,145.3,113.2,178.9,8.0,869.1,690.2,28,46.23
18,323.7,282.8,0.0,183.8,10.3,942.7,659.9,28,74.7
551,251.4,0.0,118.3,192.9,5.8,1043.6,754.3,28,33.27
9,451.0,0.0,0.0,165.0,11.3,1030.0,745.0,28,78.8
1013,102.0,153.0,0.0,192.0,0.0,887.0,942.0,7,7.68
331,475.0,0.0,0.0,228.0,0.0,932.0,594.0,365,41.93
950,236.0,0.0,0.0,194.0,0.0,968.0,885.0,14,12.84
888,288.0,192.0,0.0,192.0,0.0,932.0,717.8,3,16.11
62,425.0,106.3,0.0,153.5,16.5,852.1,887.1,91,65.2
553,122.6,183.9,0.0,203.5,0.0,958.2,800.1,90,33.19
27,424.0,22.0,132.0,168.0,8.9,822.0,750.0,28,72.1
407,178.0,129.8,118.6,179.9,3.6,1007.3,746.8,28,39.16
86,446.0,24.0,79.0,162.0,11.6,967.0,712.0,56,61.07
908,164.2,0.0,200.1,181.2,12.6,849.3,846.0,28,15.09
904,249.1,0.0,98.8,158.1,12.8,987.8,889.0,3,15.36
480,152.0,178.0,139.0,168.0,18.0,944.0,695.0,28,36.35
23,401.8,94.7,0.0,147.4,11.4,946.8,852.1,56,73.7
758,236.0,0.0,0.0,193.0,0.0,968.0,885.0,180,24.1
120,331.0,170.0,0.0,195.0,8.0,811.0,802.0,28,56.61
751,154.0,174.0,185.0,228.0,7.0,845.0,612.0,28,24.34
371,424.0,22.0,132.0,168.0,8.9,822.0,750.0,7,40.29
573,350.0,0.0,0.0,203.0,0.0,974.0,775.0,180,32.72
221,173.8,93.4,159.9,172.3,9.7,1007.2,746.6,56,48.99
702,165.0,0.0,143.6,163.8,0.0,1005.6,900.9,28,26.2
933,236.0,157.0,0.0,192.0,0.0,972.6,749.1,3,13.57
338,540.0,0.0,0.0,173.0,0.0,1125.0,613.0,3,41.64
412,237.5,237.5,0.0,228.0,0.0,932.0,594.0,365,39.0
497,362.6,189.0,0.0,164.9,11.6,944.7,755.8,3,35.3
524,255.3,98.8,77.0,188.6,6.5,919.0,749.3,28,33.8
353,313.0,145.0,0.0,178.0,8.0,1002.0,689.0,28,41.05
909,202.0,11.0,141.0,206.0,1.7,942.0,801.0,7,15.07
479,139.9,132.6,103.3,200.3,7.4,916.0,753.4,28,36.44
13,362.6,189.0,0.0,164.9,11.6,944.7,755.8,56,77.3
588,339.0,0.0,0.0,197.0,0.0,968.0,781.0,28,32.04
1012,108.3,162.4,0.0,203.5,0.0,938.2,849.0,7,7.72
656,155.2,183.9,143.2,193.8,9.2,879.6,698.5,28,28.99
341,264.5,111.0,86.5,195.5,5.9,832.6,790.4,28,41.54
126,439.0,177.0,0.0,186.0,11.1,884.9,707.9,7,56.1
298,380.0,95.0,0.0,228.0,0.0,932.0,594.0,365,43.7
282,334.0,17.6,158.0,189.0,15.3,967.0,633.0,28,44.33
703,143.8,136.3,106.2,178.1,7.5,941.5,774.3,28,26.15
54,313.3,262.2,0.0,175.5,8.6,1046.9,611.8,91,66.6
150,305.3,203.5,0.0,203.5,0.0,965.4,631.0,90,54.6
1028,122.6,183.9,0.0,203.5,0.0,958.2,800.1,3,3.32
692,152.6,238.7,0.0,200.0,6.3,1001.8,683.9,28,26.86
288,139.6,209.4,0.0,192.0,0.0,1047.0,806.9,180,44.21
193,249.1,0.0,98.8,158.1,12.8,987.8,889.0,100,51.06
973,252.0,0.0,0.0,186.0,0.0,1111.0,784.0,7,11.47
218,425.0,106.3,0.0,153.5,16.5,852.1,887.1,7,49.2
334,198.6,132.4,0.0,192.0,0.0,978.4,825.5,180,41.72
715,491.0,26.0,123.0,210.0,3.9,882.0,699.0,3,25.61
236,212.6,0.0,100.4,159.4,10.4,1003.8,903.8,100,47.74
673,310.0,0.0,0.0,192.0,0.0,1012.0,830.0,28,27.83
433,310.0,0.0,0.0,192.0,0.0,970.0,850.0,360,38.11
566,167.0,75.4,167.0,164.0,7.9,1007.3,770.1,14,32.9
171,279.8,128.9,100.4,172.4,9.5,825.1,804.9,28,52.83
105,275.1,0.0,121.4,159.5,9.9,1053.6,777.5,100,58.61
737,212.1,0.0,121.6,180.3,5.7,1057.6,779.3,28,24.9
291,500.1,0.0,0.0,200.0,3.0,1124.4,613.2,28,44.13
862,153.0,102.0,0.0,192.0,0.0,888.0,943.1,28,17.96
680,307.0,0.0,0.0,193.0,0.0,968.0,812.0,28,27.53
626,238.1,0.0,94.1,186.7,7.0,949.9,847.0,28,30.23
176,312.9,160.5,0.0,177.6,9.6,916.6,759.5,28,52.45
470,387.0,20.0,94.0,157.0,14.3,938.0,845.0,7,36.84
474,133.0,200.0,0.0,192.0,0.0,927.4,839.2,90,36.59
786,295.7,0.0,95.6,171.5,8.9,955.1,859.2,3,22.95
384,141.3,212.0,0.0,203.5,0.0,971.8,748.5,90,39.66
261,231.8,0.0,121.6,174.0,6.7,1056.4,778.5,100,45.84
676,159.0,149.0,116.0,175.0,15.0,953.0,720.0,28,27.68
785,173.5,50.1,173.5,164.8,6.5,1006.2,793.5,3,23.08
14,286.3,200.9,0.0,144.7,11.2,1004.6,803.7,91,76.8
108,388.6,97.1,0.0,157.9,12.1,852.1,925.7,91,57.6
4,389.9,189.0,0.0,145.9,22.0,944.7,755.8,56,79.4
251,165.0,128.5,132.1,175.1,8.1,1005.8,746.6,28,46.39
868,238.1,0.0,0.0,185.7,0.0,1118.8,789.3,28,17.58
307,157.0,236.0,0.0,192.0,0.0,935.4,781.2,90,43.38
72,374.0,189.2,0.0,170.1,10.1,926.1,756.7,56,63.4
892,238.2,158.8,0.0,185.7,0.0,1040.6,734.3,7,15.69
199,173.8,93.4,159.9,172.3,9.7,1007.2,746.6,100,50.94
814,182.0,45.2,122.0,170.2,8.2,1059.4,780.7,14,21.5
112,446.0,24.0,79.0,162.0,11.6,967.0,712.0,28,57.03
511,290.4,0.0,96.2,168.1,9.4,961.2,865.0,14,34.67
1009,186.2,124.1,0.0,185.7,0.0,1083.4,764.3,7,8.0
59,366.0,187.0,0.0,191.3,6.6,824.3,756.9,28,65.91
25,286.3,200.9,0.0,144.7,11.2,1004.6,803.7,56,72.99
846,393.0,0.0,0.0,192.0,0.0,940.0,758.0,3,19.11
84,326.0,166.0,0.0,174.0,9.0,882.0,790.0,28,61.23
205,288.0,192.0,0.0,192.0,0.0,932.0,717.8,90,50.53
117,375.0,93.8,0.0,126.6,23.4,852.1,992.6,28,56.7
228,178.0,129.8,118.6,179.9,3.6,1007.3,746.8,56,48.59
584,424.0,22.0,132.0,168.0,8.9,822.0,750.0,3,32.11
726,318.8,212.5,0.0,155.7,14.3,852.1,880.4,3,25.2
51,277.2,97.8,24.5,160.7,11.2,1061.7,782.5,56,66.82
302,277.0,116.8,91.0,190.6,7.0,946.5,665.6,28,43.58
924,165.0,0.0,143.6,163.8,0.0,1005.6,900.9,3,14.4
943,134.7,0.0,165.7,180.2,10.0,961.0,804.9,28,13.29
172,280.0,129.0,100.0,172.0,9.0,825.0,805.0,28,52.82
243,379.5,151.2,0.0,153.9,15.9,1134.3,605.0,7,47.1
468,397.0,0.0,0.0,186.0,0.0,1040.0,734.0,28,36.94
211,213.8,98.1,24.5,181.7,6.7,1066.0,785.5,100,49.97
773,149.0,139.0,109.0,193.0,6.0,892.0,780.0,28,23.69
824,212.1,0.0,121.6,180.3,5.7,1057.6,779.3,14,20.92
297,284.0,15.0,141.0,179.0,5.5,842.0,801.0,28,43.73
803,228.0,342.1,0.0,185.7,0.0,955.8,674.3,7,21.92
975,173.0,116.0,0.0,192.0,0.0,946.8,856.8,7,11.39
712,194.7,0.0,100.5,165.6,7.5,1006.4,905.9,28,25.72
968,310.0,0.0,0.0,192.0,0.0,1012.0,830.0,3,11.85
748,286.3,200.9,0.0,144.7,11.2,1004.6,803.7,3,24.4
325,288.4,121.0,0.0,177.4,7.0,907.9,829.5,28,42.14
99,213.5,0.0,174.2,154.6,11.7,1052.3,775.5,100,59.3
612,322.0,0.0,116.0,196.0,10.0,818.0,813.0,28,31.18
1010,200.0,0.0,0.0,180.0,0.0,1125.0,845.0,7,7.84
293,355.0,19.0,97.0,145.0,13.1,967.0,871.0,28,44.03
209,213.7,0.0,174.7,154.8,10.2,1053.5,776.4,100,50.08
429,250.0,0.0,95.7,187.4,5.5,956.9,861.2,56,38.33
781,446.0,24.0,79.0,162.0,11.6,967.0,712.0,3,23.35
212,337.9,189.0,0.0,174.9,9.5,944.7,755.8,28,49.9
853,155.0,183.0,0.0,193.0,9.0,1047.0,697.0,28,18.28
139,318.8,212.5,0.0,155.7,14.3,852.1,880.4,28,55.5
697,153.0,102.0,0.0,192.0,0.0,888.0,943.1,90,26.32
197,446.0,24.0,79.0,162.0,11.6,967.0,712.0,28,51.02
7,362.6,189.0,0.0,164.9,11.6,944.7,755.8,91,79.3
1029,108.3,162.4,0.0,203.5,0.0,938.2,849.0,3,2.33
513,233.8,0.0,94.6,197.9,4.6,947.0,852.2,100,34.56
675,393.0,0.0,0.0,192.0,0.0,940.6,785.6,7,27.74
11,362.6,189.0,0.0,164.9,11.6,944.7,755.8,56,77.3
100,531.3,0.0,0.0,141.8,28.2,852.1,893.7,91,59.2
386,212.1,0.0,121.6,180.3,5.7,1057.6,779.3,100,39.61
270,336.5,0.0,0.0,181.9,3.4,985.8,816.8,28,44.87
662,236.9,91.7,71.5,246.9,6.0,852.9,695.4,28,28.63
530,261.9,110.5,86.1,195.4,5.0,895.2,732.6,28,33.72
920,289.0,0.0,0.0,192.0,0.0,913.2,895.3,7,14.6
426,314.0,0.0,113.0,170.0,10.0,925.0,783.0,28,38.46
640,143.0,169.0,143.0,191.0,8.0,967.0,643.0,28,29.72
442,173.8,93.4,159.9,172.3,9.7,1007.2,746.6,28,37.81
895,300.0,0.0,0.0,184.0,0.0,1075.0,795.0,7,15.58
560,332.5,142.5,0.0,228.0,0.0,932.0,594.0,28,33.02
567,236.0,157.0,0.0,192.0,0.0,972.6,749.1,28,32.88
458,218.9,0.0,124.1,158.5,11.3,1078.7,794.9,56,37.27
552,500.0,0.0,0.0,200.0,0.0,1125.0,613.0,7,33.21
450,150.0,236.8,0.0,173.8,11.9,1069.3,674.8,28,37.43
995,250.2,166.8,0.0,203.5,0.0,977.6,694.1,3,9.73
921,139.6,209.4,0.0,192.0,0.0,1047.0,806.9,7,14.59
502,140.0,164.0,128.0,237.0,6.0,869.0,656.0,28,35.23
441,166.0,260.0,0.0,183.0,13.0,859.0,827.0,28,37.91
422,475.0,0.0,0.0,228.0,0.0,932.0,594.0,7,38.6
629,305.0,0.0,100.0,196.0,10.0,959.0,705.0,28,30.12
743,275.0,0.0,0.0,183.0,0.0,1088.0,808.0,28,24.5
241,500.0,0.0,0.0,200.0,0.0,1125.0,613.0,90,47.22
682,350.0,0.0,0.0,203.0,0.0,974.0,775.0,28,27.34
520,166.8,250.2,0.0,203.5,0.0,975.6,692.6,28,33.95
840,203.5,305.3,0.0,203.5,0.0,963.4,630.0,7,19.54
63,425.0,106.3,0.0,153.5,16.5,852.1,887.1,91,65.2
732,312.7,0.0,0.0,178.1,8.0,999.7,822.2,28,25.1
815,192.0,288.0,0.0,192.0,0.0,929.8,716.1,7,21.48
554,237.5,237.5,0.0,228.0,0.0,932.0,594.0,90,33.12
195,500.0,0.0,0.0,200.0,0.0,1125.0,613.0,180,51.04
585,173.0,116.0,0.0,192.0,0.0,946.8,856.8,90,32.1
358,356.0,0.0,142.0,193.0,11.0,801.0,778.0,28,40.87
572,159.0,187.0,0.0,176.0,11.0,990.0,789.0,28,32.76
605,272.8,181.9,0.0,185.7,0.0,1012.4,714.3,28,31.38
169,380.0,0.0,0.0,228.0,0.0,932.0,670.0,90,52.91
111,321.0,164.0,0.0,190.0,5.0,870.0,774.0,28,57.21
167,380.0,0.0,0.0,228.0,0.0,932.0,670.0,180,53.1
838,252.0,0.0,0.0,185.0,0.0,1111.0,784.0,28,19.69
133,397.0,17.2,158.0,167.0,20.8,967.0,633.0,28,55.65
206,522.0,0.0,0.0,146.0,0.0,896.0,896.0,7,50.51
210,178.0,129.8,118.6,179.9,3.6,1007.3,746.8,100,49.99
237,277.2,97.8,24.5,160.7,11.2,1061.7,782.5,14,47.71
955,307.0,0.0,0.0,193.0,0.0,968.0,812.0,3,12.54
599,339.0,0.0,0.0,185.0,0.0,1060.0,754.0,28,31.65
972,382.0,0.0,0.0,186.0,0.0,1111.0,784.0,7,11.47
764,436.0,0.0,0.0,218.0,0.0,838.4,719.7,28,23.85
710,220.8,147.2,0.0,185.7,0.0,1055.0,744.3,28,25.75
775,246.8,0.0,125.1,143.3,12.0,1086.8,800.9,3,23.52
250,213.7,0.0,174.7,154.8,10.2,1053.5,776.4,56,46.64
917,295.0,0.0,0.0,185.0,0.0,1069.0,769.0,7,14.8
396,160.0,128.0,122.0,182.0,6.4,824.0,879.0,28,39.4
70,505.0,0.0,60.0,195.0,0.0,1030.0,630.0,28,64.02
780,333.0,0.0,0.0,192.0,0.0,931.2,842.6,7,23.4
655,155.0,184.0,143.0,194.0,9.0,880.0,699.0,28,28.99
983,141.3,212.0,0.0,203.5,0.0,971.8,748.5,7,10.39
202,388.6,97.1,0.0,157.9,12.1,852.1,925.7,28,50.7
508,387.0,20.0,94.0,157.0,11.6,938.0,845.0,3,34.77
802,236.0,0.0,0.0,194.0,0.0,968.0,885.0,90,21.95
495,230.0,0.0,118.3,195.5,4.6,1029.4,758.6,100,35.34
635,144.0,170.0,133.0,192.0,8.0,814.0,805.0,28,29.87
556,397.0,0.0,0.0,185.7,0.0,1040.6,734.3,28,33.08
273,213.5,0.0,174.2,159.2,11.7,1043.6,771.9,28,44.64
403,446.0,24.0,79.0,162.0,11.6,967.0,712.0,7,39.3
705,375.0,0.0,0.0,186.0,0.0,1038.0,758.0,7,26.06
835,238.1,0.0,94.1,186.7,7.0,949.9,847.0,3,19.93
50,469.0,117.2,0.0,137.8,32.2,852.1,840.5,28,66.9
281,313.0,145.0,0.0,178.0,8.0,867.0,824.0,28,44.39
869,213.7,0.0,174.7,154.8,10.2,1053.5,776.4,3,17.57
763,167.0,187.0,195.0,185.0,7.0,898.0,636.0,28,23.89
602,331.0,0.0,0.0,192.0,0.0,978.0,825.0,28,31.45
389,393.0,0.0,0.0,192.0,0.0,940.0,758.0,28,39.58
339,427.5,47.5,0.0,228.0,0.0,932.0,594.0,90,41.54
820,158.8,238.2,0.0,185.7,0.0,1040.6,734.3,28,21.07
671,310.0,0.0,0.0,192.0,0.0,970.0,850.0,28,27.92
616,116.0,173.0,0.0,192.0,0.0,909.8,891.9,90,31.02
982,145.4,0.0,178.9,201.7,7.8,824.0,868.7,28,10.54
937,151.0,0.0,185.0,167.0,16.0,1074.0,678.0,28,13.46
68,425.0,106.3,0.0,153.5,16.5,852.1,887.1,56,64.3
977,225.0,0.0,0.0,181.0,0.0,1113.0,833.0,7,11.17
733,236.0,0.0,0.0,193.0,0.0,968.0,885.0,365,25.08
604,296.0,0.0,106.7,221.4,10.5,819.2,778.4,28,31.42
625,332.5,142.5,0.0,228.0,0.0,932.0,594.0,7,30.28
277,313.0,145.0,0.0,127.0,8.0,1000.0,822.0,28,44.52
305,182.0,45.2,122.0,170.2,8.2,1059.4,780.7,56,43.5
48,525.0,0.0,0.0,189.0,0.0,1125.0,613.0,270,67.11
118,214.9,53.8,121.9,155.6,9.6,1014.3,780.6,100,56.63
184,295.7,0.0,95.6,171.5,8.9,955.1,859.2,100,52.04
33,362.6,189.0,0.0,164.9,11.6,944.7,755.8,28,71.3
137,491.0,26.0,123.0,210.0,3.9,882.0,699.0,28,55.55
615,133.0,210.0,0.0,196.0,3.0,949.0,795.0,28,31.03
976,277.0,0.0,0.0,191.0,0.0,968.0,856.0,3,11.36
2,323.7,282.8,0.0,183.8,10.3,942.7,659.9,56,80.2
583,273.0,0.0,90.0,199.0,11.0,931.0,762.0,28,32.24
533,172.4,13.6,172.4,156.8,4.1,1006.3,856.4,28,33.69
545,318.8,212.5,0.0,155.7,14.3,852.1,880.4,7,33.4
997,158.8,238.2,0.0,185.7,0.0,1040.6,734.3,7,9.62
475,165.0,0.0,143.6,163.8,0.0,1005.6,900.9,56,36.56
486,218.2,54.6,123.8,140.8,11.9,1075.7,792.7,14,35.96
966,251.4,0.0,118.3,192.9,5.8,1043.6,754.3,3,11.98
543,425.0,106.3,0.0,153.5,16.5,852.1,887.1,3,33.4
849,296.0,0.0,0.0,186.0,0.0,1090.0,769.0,7,18.91
110,321.3,164.2,0.0,190.5,4.6,870.0,774.0,28,57.22
537,190.3,0.0,125.2,166.6,9.9,1079.0,798.9,100,33.56
372,332.5,142.5,0.0,228.0,0.0,932.0,594.0,270,40.27
214,260.0,101.0,78.0,171.0,10.0,936.0,763.0,28,49.77
521,251.8,0.0,99.9,146.1,12.4,1006.0,899.8,28,33.94
681,218.2,54.6,123.8,140.8,11.9,1075.7,792.7,3,27.42
674,181.4,0.0,167.0,169.6,7.6,1055.6,777.8,28,27.77
145,342.0,38.0,0.0,228.0,0.0,932.0,670.0,270,55.06
938,150.7,0.0,185.3,166.7,15.6,1074.5,678.0,28,13.46
1021,236.0,0.0,0.0,194.0,0.0,968.0,885.0,3,6.47
852,154.8,183.4,0.0,193.3,9.1,1047.4,696.7,28,18.29
88,246.8,0.0,125.1,143.3,12.0,1086.8,800.9,56,60.32
613,322.2,0.0,115.6,196.0,10.4,817.9,813.4,28,31.18
409,397.0,0.0,0.0,185.0,0.0,1040.0,734.0,28,39.09
753,194.7,0.0,100.5,170.2,7.5,998.0,901.8,14,24.28
140,355.0,19.0,97.0,145.0,12.3,967.0,871.0,28,55.45
766,299.8,0.0,119.8,211.5,9.9,878.2,727.6,28,23.84
177,313.0,161.0,0.0,178.0,10.0,917.0,759.0,28,52.44
3,540.0,0.0,0.0,162.0,2.5,1040.0,676.0,28,79.99
163,297.8,137.2,106.9,201.3,6.0,878.4,655.3,28,53.52
565,307.0,0.0,0.0,193.0,0.0,968.0,812.0,90,32.92
637,254.0,0.0,0.0,198.0,0.0,968.0,863.0,365,29.79
654,375.0,93.8,0.0,126.6,23.4,852.1,992.6,3,29.0
439,166.0,259.7,0.0,183.2,12.7,858.8,826.8,28,37.92
402,234.0,156.0,0.0,189.0,5.9,981.0,760.0,28,39.3
891,166.8,250.2,0.0,203.5,0.0,975.6,692.6,7,15.75
162,298.0,137.0,107.0,201.0,6.0,878.0,655.0,28,53.52
308,305.3,203.5,0.0,203.5,0.0,965.4,631.0,28,43.38
469,500.0,0.0,0.0,200.0,0.0,1125.0,613.0,14,36.94
639,143.0,169.4,142.7,190.7,8.4,967.4,643.5,28,29.73
406,168.0,42.1,163.8,121.8,5.7,1058.7,780.1,100,39.23
717,153.0,145.0,113.0,178.0,8.0,1002.0,689.0,28,25.56
884,154.0,144.0,112.0,220.0,10.0,923.0,658.0,28,16.5
641,251.4,0.0,118.3,188.5,5.8,1028.4,757.7,28,29.65
939,284.0,15.0,141.0,179.0,5.5,842.0,801.0,3,13.4
542,425.0,106.3,0.0,153.5,16.5,852.1,887.1,3,33.4
240,333.0,17.5,163.0,167.0,17.9,996.0,652.0,28,47.28
559,290.2,193.5,0.0,185.7,0.0,998.2,704.3,28,33.04
494,190.7,0.0,125.4,162.1,7.8,1090.0,804.0,56,35.34
481,151.8,178.1,138.7,167.5,18.3,944.0,694.6,28,36.35
548,251.8,0.0,99.9,146.1,12.4,1006.0,899.8,14,33.36
772,148.5,139.4,108.6,192.7,6.1,892.4,780.0,28,23.7
295,480.0,0.0,0.0,192.0,0.0,936.0,721.0,28,43.89
870,325.0,0.0,0.0,184.0,0.0,1063.0,783.0,7,17.54
247,425.0,106.3,0.0,151.4,18.6,936.0,803.7,7,46.8
432,173.5,50.1,173.5,164.8,6.5,1006.2,793.5,28,38.2
362,349.0,0.0,0.0,192.0,0.0,1056.0,809.0,120,40.86
516,350.0,0.0,0.0,186.0,0.0,1050.0,770.0,28,34.29
95,313.3,262.2,0.0,175.5,8.6,1046.9,611.8,28,59.8
962,194.7,0.0,100.5,170.2,7.5,998.0,901.8,3,12.18
330,287.0,121.0,94.0,188.0,9.0,904.0,696.0,28,41.94
694,231.8,0.0,121.6,174.0,6.7,1056.4,778.5,14,26.77
971,252.5,0.0,0.0,185.7,0.0,1111.6,784.3,7,11.48
649,108.3,162.4,0.0,203.5,0.0,938.2,849.0,90,29.23
883,165.0,0.0,143.6,163.8,0.0,1005.6,900.9,14,16.88
981,145.0,0.0,179.0,202.0,8.0,824.0,869.0,28,10.54
643,322.0,0.0,0.0,203.0,0.0,974.0,800.0,180,29.59
723,239.6,359.4,0.0,185.7,0.0,941.6,664.3,7,25.42
370,190.3,0.0,125.2,161.9,9.9,1088.1,802.6,100,40.39
947,213.8,98.1,24.5,181.7,6.7,1066.0,785.5,3,13.18
911,190.7,0.0,125.4,162.1,7.8,1090.0,804.0,3,15.04
299,427.5,47.5,0.0,228.0,0.0,932.0,594.0,365,43.7
329,249.1,0.0,98.8,158.1,12.8,987.8,889.0,56,42.03
473,251.4,0.0,118.3,188.5,6.4,1028.4,757.7,56,36.64
42,318.8,212.5,0.0,155.7,14.3,852.1,880.4,91,68.1
310,376.0,0.0,0.0,214.6,0.0,1003.5,762.4,100,43.06
492,181.4,0.0,167.0,169.6,7.6,1055.6,777.8,56,35.57
855,350.0,0.0,0.0,203.0,0.0,974.0,775.0,7,18.13
1016,182.0,45.2,122.0,170.2,8.2,1059.4,780.7,3,7.32
592,339.2,0.0,0.0,185.7,0.0,1069.2,754.3,28,31.9
26,475.0,118.8,0.0,181.1,8.9,852.1,781.5,56,72.3
942,135.0,0.0,166.0,180.0,10.0,961.0,805.0,28,13.29
1022,116.0,173.0,0.0,192.0,0.0,909.8,891.9,3,6.28
519,194.7,0.0,100.5,165.6,7.5,1006.4,905.9,56,33.96
666,139.6,209.4,0.0,192.0,0.0,1047.0,806.9,28,28.24
940,229.7,0.0,118.2,195.2,6.1,1028.1,757.6,3,13.36
30,540.0,0.0,0.0,173.0,0.0,1125.0,613.0,180,71.62
875,225.0,0.0,0.0,181.0,0.0,1113.0,833.0,28,17.34
611,277.0,0.0,0.0,191.0,0.0,968.0,856.0,90,31.25
1026,153.0,102.0,0.0,192.0,0.0,888.0,943.1,3,4.78
306,194.7,0.0,100.5,170.2,7.5,998.0,901.8,56,43.39
67,425.0,106.3,0.0,153.5,16.5,852.1,887.1,56,64.3
902,144.0,0.0,175.0,158.0,18.0,943.0,844.0,28,15.42
436,286.3,200.9,0.0,144.7,11.2,1004.6,803.7,7,38.0
706,500.0,0.0,0.0,200.0,0.0,1125.0,613.0,3,26.06
317,475.0,0.0,0.0,228.0,0.0,932.0,594.0,180,42.62
549,132.0,206.5,160.9,178.9,5.5,866.9,735.6,28,33.31
563,149.0,236.0,0.0,176.0,13.0,847.0,893.0,28,32.96
833,147.0,115.0,89.0,202.0,9.0,860.0,829.0,28,19.99
259,387.0,20.0,94.0,157.0,13.9,938.0,845.0,7,45.9
946,144.8,0.0,133.6,180.8,11.1,979.5,811.5,28,13.2
996,157.0,236.0,0.0,192.0,0.0,935.4,781.2,3,9.69
40,401.8,94.7,0.0,147.4,11.4,946.8,852.1,28,68.5
999,190.3,0.0,125.2,161.9,9.9,1088.1,802.6,3,9.45
289,251.4,0.0,118.3,188.5,6.4,1028.4,757.7,100,44.21
945,145.0,0.0,134.0,181.0,11.0,979.0,812.0,28,13.2
529,262.0,111.0,86.0,195.0,5.0,895.0,733.0,28,33.72
791,190.3,0.0,125.2,161.9,9.9,1088.1,802.6,14,22.72
78,525.0,0.0,0.0,189.0,0.0,1125.0,613.0,180,61.92
822,251.8,0.0,99.9,146.1,12.4,1006.0,899.8,3,21.02
978,183.9,122.6,0.0,203.5,0.0,959.2,800.0,7,10.79
1014,135.7,203.5,0.0,185.7,0.0,1076.2,759.3,7,7.51
956,212.1,0.0,121.6,180.3,5.7,1057.6,779.3,3,12.47
28,485.0,0.0,0.0,146.0,0.0,1120.0,800.0,28,71.99
32,362.6,189.0,0.0,164.9,11.6,944.7,755.8,28,71.3
550,132.0,207.0,161.0,179.0,5.0,867.0,736.0,28,33.3
1023,385.0,0.0,0.0,186.0,0.0,966.0,763.0,1,6.27
203,190.0,190.0,0.0,228.0,0.0,932.0,670.0,270,50.66
366,349.0,0.0,0.0,192.0,0.0,1056.0,809.0,90,40.66
82,387.0,20.0,94.0,157.0,11.6,938.0,845.0,56,61.46
771,145.7,172.6,0.0,181.9,3.4,985.8,816.8,28,23.74
15,275.0,180.0,120.0,162.0,10.4,830.0,765.0,28,76.24
784,277.1,0.0,97.4,160.6,11.8,973.9,875.6,3,23.14
851,236.0,0.0,0.0,194.0,0.0,968.0,885.0,28,18.42
152,480.0,0.0,0.0,192.0,0.0,936.2,712.2,90,54.32
160,167.4,129.9,128.6,175.5,7.8,1006.3,746.6,100,53.66
959,194.7,0.0,100.5,165.6,7.5,1006.4,905.9,3,12.45
351,332.5,142.5,0.0,228.0,0.0,932.0,594.0,365,41.05
283,198.6,132.4,0.0,192.0,0.0,978.4,825.5,360,44.3
913,349.0,0.0,0.0,192.0,0.0,1047.0,806.0,3,14.99
287,276.4,116.0,90.3,179.6,8.9,870.1,768.3,28,44.28
457,310.0,0.0,0.0,192.0,0.0,970.0,850.0,180,37.33
568,168.0,42.1,163.8,121.8,5.7,1058.7,780.1,56,32.85
483,376.0,0.0,0.0,214.6,0.0,1003.5,762.4,56,36.3
373,213.8,98.1,24.5,181.7,6.7,1066.0,785.5,28,40.23
779,168.9,42.2,124.3,158.3,10.8,1080.8,796.2,14,23.51
466,251.4,0.0,118.3,188.5,5.8,1028.4,757.7,56,36.97
156,213.7,98.1,24.5,181.7,6.9,1065.8,785.4,100,53.9
246,531.3,0.0,0.0,141.8,28.2,852.1,893.7,7,46.9
352,349.0,0.0,0.0,192.0,0.0,1047.0,806.0,180,41.05
642,213.5,0.0,174.2,159.2,11.7,1043.6,771.9,14,29.59
709,305.3,203.5,0.0,203.5,0.0,965.4,631.0,7,25.89
258,213.5,0.0,174.2,154.6,11.7,1052.3,775.5,28,45.94
634,141.3,212.0,0.0,203.5,0.0,971.8,748.5,28,29.89
1004,158.4,0.0,194.9,219.7,11.0,897.7,712.9,28,8.54
644,173.8,93.4,159.9,172.3,9.7,1007.2,746.6,14,29.55
413,424.0,22.0,132.0,178.0,8.5,822.0,750.0,7,39.0
132,252.3,0.0,98.8,146.3,14.2,987.8,889.0,56,55.83
788,362.6,189.0,0.0,164.9,11.6,944.7,755.8,7,22.9
453,212.6,0.0,100.4,159.4,10.4,1003.8,903.8,28,37.4
863,148.1,0.0,136.6,158.1,16.1,1001.8,830.1,28,17.96
204,252.3,0.0,98.8,146.3,14.2,987.8,889.0,28,50.6
45,286.3,200.9,0.0,144.7,11.2,1004.6,803.7,28,67.7
300,400.0,0.0,0.0,187.0,0.0,1025.0,745.0,28,43.7
606,229.7,0.0,118.2,195.2,6.1,1028.1,757.6,56,31.35
922,381.4,0.0,0.0,185.7,0.0,1104.6,784.3,7,14.54
311,427.5,47.5,0.0,228.0,0.0,932.0,594.0,270,43.01
746,316.1,210.7,0.0,185.7,0.0,977.0,689.3,7,24.44
985,122.6,183.9,0.0,203.5,0.0,958.2,800.1,7,10.35
375,213.7,0.0,174.7,154.8,10.2,1053.5,776.4,28,40.15
164,167.0,75.4,167.0,164.0,7.9,1007.3,770.1,56,53.46
416,288.0,192.0,0.0,192.0,0.0,932.0,717.8,28,38.8
343,516.0,0.0,0.0,162.0,8.2,801.0,802.0,28,41.37
832,230.0,0.0,118.3,195.5,4.6,1029.4,758.6,14,20.08
861,213.7,98.1,24.5,181.7,6.9,1065.8,785.4,3,18.0
438,491.0,26.0,123.0,201.0,3.9,822.0,699.0,7,37.92
986,238.1,0.0,0.0,185.7,0.0,1118.8,789.3,7,10.34
541,303.6,139.9,0.0,213.5,6.2,895.5,722.5,28,33.42
313,313.3,262.2,0.0,175.5,8.6,1046.9,611.8,7,42.8
1018,166.8,250.2,0.0,203.5,0.0,975.6,692.6,3,6.9
430,309.9,142.8,111.2,167.8,22.1,913.9,651.2,28,38.22
0,389.9,189.0,0.0,145.9,22.0,944.7,755.8,91,82.6
216,200.0,200.0,0.0,190.0,0.0,1145.0,660.0,28,49.25
608,350.0,0.0,0.0,203.0,0.0,974.0,775.0,90,31.35
576,251.4,0.0,118.3,188.5,6.4,1028.4,757.7,28,32.66
801,202.0,11.0,141.0,206.0,1.7,942.0,801.0,28,21.97
555,165.0,128.5,132.1,175.1,8.1,1005.8,746.6,14,33.09
460,321.4,0.0,127.9,182.5,11.5,870.1,779.7,28,37.27
762,382.0,0.0,0.0,185.0,0.0,1047.0,739.0,7,24.0
196,520.0,0.0,0.0,175.0,5.2,870.0,805.0,28,51.02
894,213.5,0.0,174.2,159.2,11.7,1043.6,771.9,3,15.61
1001,198.6,132.4,0.0,192.0,0.0,978.4,825.5,3,9.13
151,304.0,76.0,0.0,228.0,0.0,932.0,670.0,270,54.38
914,310.0,0.0,0.0,192.0,0.0,970.0,850.0,7,14.99
31,362.6,189.0,0.0,164.9,11.6,944.7,755.8,28,71.3
174,380.0,0.0,0.0,228.0,0.0,932.0,670.0,365,52.52
279,446.0,24.0,79.0,162.0,11.6,967.0,712.0,28,44.42
58,366.0,187.0,0.0,191.0,7.0,824.0,757.0,28,65.91
617,297.0,0.0,0.0,186.0,0.0,1040.0,734.0,7,30.96
745,222.4,0.0,96.7,189.3,4.5,967.1,870.3,14,24.45
245,190.0,190.0,0.0,228.0,0.0,932.0,670.0,180,46.93
456,194.7,0.0,100.5,165.6,7.5,1006.4,905.9,100,37.34
526,162.0,190.1,148.1,178.8,18.8,838.1,741.4,28,33.76
823,339.0,0.0,0.0,197.0,0.0,968.0,781.0,7,20.97
69,425.0,106.3,0.0,153.5,16.5,852.1,887.1,56,64.3
435,446.0,24.0,79.0,162.0,11.6,967.0,712.0,7,38.02
731,313.0,0.0,0.0,178.0,8.0,1000.0,822.0,28,25.1
400,192.0,288.0,0.0,192.0,0.0,929.8,716.1,28,39.32
266,310.0,143.0,0.0,168.0,10.0,914.0,804.0,28,45.3
220,304.0,76.0,0.0,228.0,0.0,932.0,670.0,90,49.19
332,277.1,0.0,97.4,160.6,11.8,973.9,875.6,14,41.89
687,254.0,0.0,0.0,198.0,0.0,968.0,863.0,90,26.94
974,200.0,133.0,0.0,192.0,0.0,965.4,806.2,3,11.41
874,213.5,0.0,174.2,154.6,11.7,1052.3,775.5,3,17.37
303,166.8,250.2,0.0,203.5,0.0,975.6,692.6,90,43.57
128,525.0,0.0,0.0,189.0,0.0,1125.0,613.0,28,55.94
154,401.8,94.7,0.0,147.4,11.4,946.8,852.1,7,54.1
93,375.0,93.8,0.0,126.6,23.4,852.1,992.6,56,60.2
734,446.0,24.0,79.0,162.0,11.6,967.0,712.0,3,25.02
850,255.0,0.0,0.0,192.0,0.0,889.8,945.0,28,18.75
948,251.4,0.0,118.3,188.5,6.4,1028.4,757.7,3,13.12
506,427.5,47.5,0.0,228.0,0.0,932.0,594.0,7,35.08
518,212.1,0.0,121.6,180.3,5.7,1057.6,779.3,56,34.2
324,246.8,0.0,125.1,143.3,12.0,1086.8,800.9,14,42.22
316,298.1,0.0,107.0,186.4,6.1,879.0,815.2,28,42.64
64,313.3,262.2,0.0,175.5,8.6,1046.9,611.8,56,64.9
967,203.5,135.7,0.0,185.7,0.0,1076.2,759.3,7,11.96
574,349.0,0.0,0.0,192.0,0.0,1047.0,806.0,28,32.72
183,342.0,38.0,0.0,228.0,0.0,932.0,670.0,180,52.12
663,379.5,151.2,0.0,153.9,15.9,1134.3,605.0,3,28.6
122,531.3,0.0,0.0,141.8,28.2,852.1,893.7,28,56.4
828,251.4,0.0,118.3,192.9,5.8,1043.6,754.3,14,20.73
437,165.0,0.0,143.6,163.8,0.0,1005.6,900.9,100,37.96
340,265.0,111.0,86.0,195.0,6.0,833.0,790.0,28,41.54
376,251.4,0.0,118.3,192.9,5.8,1043.6,754.3,100,40.15
414,331.0,0.0,0.0,192.0,0.0,978.0,825.0,180,39.0
318,212.5,0.0,100.4,159.3,8.7,1007.8,903.6,56,42.55
865,213.8,98.1,24.5,181.7,6.7,1066.0,785.5,14,17.84
1008,139.6,209.4,0.0,192.0,0.0,1047.0,806.9,3,8.06
